event_id,transfer_id,event_type,from_holder_id,to_holder_id,shares,effective_date,recorded_at,reverses_transfer_id,note
E1001,T5002,transfer,H008,H001,100,2026-06-01,2026-06-01 10:46:00,,
E1002,T5003,transfer,H003,H001,12000,2026-06-01,2026-06-01 15:54:00,,
E1000,T5001,transfer,H001,H006,100,2026-06-01,2026-06-01 17:04:00,,
E1003,T5004,transfer,H008,H001,1000,2026-06-02,2026-06-02 11:55:00,,
E1004,T5005,transfer,H008,H001,1000,2026-06-03,2026-06-03 15:10:00,,
E1006,T5007,transfer,H006,H001,250,2026-06-04,2026-06-04 10:07:00,,
E1005,T5006,transfer,H002,H001,1500,2026-06-04,2026-06-04 10:25:00,,
E1007,T5008,transfer,H001,H010,1500,2026-06-04,2026-06-04 16:13:00,,
E1009,T5010,transfer,H001,H002,500,2026-06-05,2026-06-05 11:45:00,,
E1008,T5009,transfer,H001,H006,2500,2026-06-05,2026-06-05 13:40:00,,
E1010,T5011,transfer,H001,H008,500,2026-06-08,2026-06-08 09:40:00,,
E1012,T5013,transfer,H001,H002,1500,2026-06-09,2026-06-09 10:55:00,,
E1011,T5012,transfer,H001,H008,1000,2026-06-09,2026-06-09 12:58:00,,
E1013,T5014,transfer,H006,H001,2500,2026-06-10,2026-06-10 10:03:00,,
E1016,T5017,transfer,H001,H008,1000,2026-06-10,2026-06-10 10:23:00,,
E1014,T5015,transfer,H006,H001,2500,2026-06-10,2026-06-10 13:52:00,,
E1015,T5016,transfer,H001,H006,1000,2026-06-10,2026-06-10 14:00:00,,
E1018,T5019,transfer,H001,H002,250,2026-06-11,2026-06-11 09:39:00,,
E1017,T5018,transfer,H008,H001,1500,2026-06-11,2026-06-11 12:24:00,,
E1021,T5022,transfer,H002,H001,2500,2026-06-12,2026-06-12 14:20:00,,
E1019,T5020,transfer,H003,H001,100,2026-06-12,2026-06-12 14:36:00,,
E1020,T5021,transfer,H001,H006,250,2026-06-12,2026-06-12 17:08:00,,
E1022,T5023,transfer,H001,H002,5000,2026-06-12,2026-06-12 17:42:00,,
E1023,T5024,transfer,H001,H002,500,2026-06-15,2026-06-15 09:16:00,,
E1024,T5025,transfer,H012,H001,250,2026-06-16,2026-06-16 09:43:00,,
E1025,T5026,transfer,H001,H006,5000,2026-06-16,2026-06-16 16:24:00,,
E1026,T5027,transfer,H001,H006,2500,2026-06-17,2026-06-17 14:02:00,,
E1027,T5028,transfer,H001,H010,12000,2026-06-17,2026-06-17 16:52:00,,
E1030,T5031,transfer,H012,H001,100,2026-06-18,2026-06-18 09:14:00,,
E1029,T5030,transfer,H002,H001,1500,2026-06-18,2026-06-18 09:22:00,,
E1031,T5032,transfer,H001,H002,500,2026-06-18,2026-06-18 10:34:00,,
E1179,T5180,transfer,H001,H003,1400000,2026-06-18,2026-06-18 15:05:00,,DRS withdrawal from street name
E1028,T5029,transfer,H001,H010,1000,2026-06-18,2026-06-18 15:35:00,,
E1034,T5035,transfer,H001,H012,2500,2026-06-19,2026-06-19 10:25:00,,
E1032,T5033,transfer,H001,H012,5000,2026-06-19,2026-06-19 12:37:00,,
E1033,T5034,transfer,H008,H001,100,2026-06-19,2026-06-19 15:16:00,,
E1035,T5036,transfer,H001,H010,500,2026-06-22,2026-06-22 11:32:00,,
E1037,T5038,transfer,H002,H001,12000,2026-06-22,2026-06-22 17:28:00,,
E1036,T5037,transfer,H012,H001,1500,2026-06-22,2026-06-22 17:46:00,,
E1039,T5040,transfer,H001,H006,5000,2026-06-23,2026-06-23 11:23:00,,
E1040,T5041,transfer,H002,H001,2500,2026-06-23,2026-06-23 12:35:00,,
E1040,T5041,transfer,H002,H001,2500,2026-06-23,2026-06-23 12:35:00,,
E1041,T5042,transfer,H001,H012,1500,2026-06-23,2026-06-23 15:42:00,,
E1038,T5039,transfer,H002,H001,500,2026-06-23,2026-06-23 17:29:00,,
E1042,T5043,transfer,H006,H001,1500,2026-06-24,2026-06-24 13:23:00,,
E1043,T5044,transfer,H001,H010,1500,2026-06-24,2026-06-24 13:23:00,,
E1045,T5046,transfer,H008,H001,1000,2026-06-24,2026-06-24 15:57:00,,
E1044,T5045,transfer,H002,H001,500,2026-06-24,2026-06-24 16:08:00,,
E1046,T5047,transfer,H012,H001,1000,2026-06-25,2026-06-25 11:35:00,,
E1048,T5049,transfer,H002,H001,12000,2026-06-26,2026-06-26 10:48:00,,
E1047,T5048,transfer,H008,H001,5000,2026-06-26,2026-06-26 13:12:00,,
E1050,T5051,transfer,H003,H001,1000,2026-06-29,2026-06-29 13:18:00,,
E1051,T5052,transfer,H006,H001,1000,2026-06-29,2026-06-29 14:15:00,,
E1049,T5050,transfer,H001,H002,12000,2026-06-29,2026-06-29 15:57:00,,
E1052,T5053,transfer,H001,H002,250,2026-06-29,2026-06-29 16:59:00,,
E1191,T5192,issuance,,H004,300000,2026-06-30,2026-06-30 09:00:00,,RSU vest into employee trust
E1053,T5054,transfer,H001,H012,500,2026-06-30,2026-06-30 09:33:00,,
E1054,T5055,transfer,H001,H008,1500,2026-06-30,2026-06-30 09:48:00,,
E1055,T5056,transfer,H002,H001,12000,2026-06-30,2026-06-30 14:02:00,,
E1057,T5058,transfer,H001,H012,2500,2026-07-01,2026-07-01 12:25:00,,
E1056,T5057,transfer,H012,H001,1000,2026-07-01,2026-07-01 12:29:00,,
E1060,T5061,transfer,H012,H001,1500,2026-07-02,2026-07-02 10:17:00,,
E1061,T5062,transfer,H003,H001,500,2026-07-02,2026-07-02 12:00:00,,
E1058,T5059,transfer,H012,H001,1000,2026-07-02,2026-07-02 13:27:00,,
E1059,T5060,transfer,H001,H012,12000,2026-07-02,2026-07-02 16:40:00,,
E1063,T5064,transfer,H001,H008,1000,2026-07-03,2026-07-03 10:27:00,,
E1062,T5063,transfer,H012,H001,1500,2026-07-03,2026-07-03 14:47:00,,
E1064,T5065,transfer,H003,H001,250,2026-07-06,2026-07-06 11:45:00,,
E1065,T5066,transfer,H006,H001,5000,2026-07-06,2026-07-06 13:00:00,,
E1066,T5067,transfer,H001,H002,5000,2026-07-06,2026-07-06 13:58:00,,
E1067,T5068,transfer,H012,H001,1000,2026-07-07,2026-07-07 09:08:00,,
E1069,T5070,transfer,H006,H001,100,2026-07-07,2026-07-07 09:47:00,,
E1068,T5069,transfer,H001,H006,5000,2026-07-07,2026-07-07 10:45:00,,
E1180,T5181,transfer,H001,H011,2100000,2026-07-07,2026-07-07 11:20:00,,DRS withdrawal from street name
E1070,T5071,transfer,H008,H001,12000,2026-07-08,2026-07-08 09:41:00,,
E1071,T5072,transfer,H001,H012,100,2026-07-08,2026-07-08 14:27:00,,
E1072,T5073,transfer,H002,H001,2500,2026-07-08,2026-07-08 16:17:00,,
E1076,T5077,transfer,H006,H001,500,2026-07-09,2026-07-09 12:13:00,,
E1073,T5074,transfer,H001,H012,5000,2026-07-09,2026-07-09 13:17:00,,
E1075,T5076,transfer,H006,H001,100,2026-07-09,2026-07-09 14:17:00,,
E1074,T5075,transfer,H001,H010,1500,2026-07-09,2026-07-09 15:12:00,,
E1077,T5078,transfer,H001,H010,5000,2026-07-10,2026-07-10 11:54:00,,
E1079,T5080,transfer,H002,H001,500,2026-07-10,2026-07-10 13:56:00,,
E1078,T5079,transfer,H001,H006,5000,2026-07-10,2026-07-10 16:56:00,,
E1080,T5081,transfer,H001,H008,12000,2026-07-13,2026-07-13 15:44:00,,
E1081,T5082,transfer,H002,H001,250,2026-07-13,2026-07-13 16:32:00,,
E1084,T5085,transfer,H002,H001,250,2026-07-14,2026-07-14 09:15:00,,
E1185,T5186,transfer,H001,H002,25000,2026-07-14,2026-07-14 13:10:00,,
E1082,T5083,transfer,H008,H001,250,2026-07-14,2026-07-14 13:29:00,,
E1083,T5084,transfer,H001,H012,100,2026-07-14,2026-07-14 17:30:00,,
E1087,T5088,transfer,H006,H001,250,2026-07-15,2026-07-15 10:17:00,,
E1086,T5087,transfer,H003,H001,100,2026-07-15,2026-07-15 10:22:00,,
E1085,T5086,transfer,H001,H008,1500,2026-07-15,2026-07-15 11:20:00,,
E1089,T5090,transfer,H003,H001,2500,2026-07-16,2026-07-16 11:22:00,,
E1088,T5089,transfer,H001,H008,1000,2026-07-16,2026-07-16 12:16:00,,
E1090,T5091,transfer,H012,H001,250,2026-07-16,2026-07-16 13:07:00,,
E1093,T5094,transfer,H001,H010,100,2026-07-17,2026-07-17 10:40:00,,
E1091,T5092,transfer,H001,H012,250,2026-07-17,2026-07-17 11:19:00,,
E1094,T5095,transfer,H001,H002,500,2026-07-17,2026-07-17 12:44:00,,
E1092,T5093,transfer,H001,H010,12000,2026-07-17,2026-07-17 15:03:00,,
E1186,T5187,reversal,H002,H001,25000,2026-07-14,2026-07-20 09:45:00,T5186,presentor error; reversed to original
E1098,T5099,transfer,H001,H010,2500,2026-07-20,2026-07-20 11:17:00,,
E1097,T5098,transfer,H006,H001,1000,2026-07-20,2026-07-20 12:19:00,,
E1095,T5096,transfer,H002,H001,12000,2026-07-20,2026-07-20 13:56:00,,
E1096,T5097,transfer,H001,H006,1500,2026-07-20,2026-07-20 14:09:00,,
E1100,T5101,transfer,H006,H001,2500,2026-07-21,2026-07-21 11:28:00,,
E1102,T5103,transfer,H012,H001,1500,2026-07-21,2026-07-21 13:04:00,,
E1099,T5100,transfer,H006,H001,12000,2026-07-21,2026-07-21 15:45:00,,
E1101,T5102,transfer,H006,H001,2500,2026-07-21,2026-07-21 16:23:00,,
E1105,T5106,transfer,H001,H012,12000,2026-07-22,2026-07-22 10:22:00,,
E1104,T5105,transfer,H006,H001,100,2026-07-22,2026-07-22 14:58:00,,
E1103,T5104,transfer,H012,H001,5000,2026-07-22,2026-07-22 15:48:00,,
E1107,T5108,transfer,H001,H012,1500,2026-07-23,2026-07-23 09:29:00,,
E1108,T5109,transfer,H001,H008,5000,2026-07-23,2026-07-23 11:25:00,,
E1106,T5107,transfer,H001,H008,500,2026-07-23,2026-07-23 16:32:00,,
E1109,T5110,transfer,H006,H001,5000,2026-07-24,2026-07-24 10:45:00,,
E1110,T5111,transfer,H003,H001,1000,2026-07-27,2026-07-27 12:45:00,,
E1113,T5114,transfer,H001,H008,12000,2026-07-28,2026-07-28 09:16:00,,
E1112,T5113,transfer,H001,H010,100,2026-07-28,2026-07-28 10:18:00,,
E1111,T5112,transfer,H001,H012,12000,2026-07-28,2026-07-28 11:01:00,,
E1114,T5115,transfer,H001,H002,2500,2026-07-28,2026-07-28 13:34:00,,
E1181,T5182,transfer,H001,H011,1650000,2026-07-28,2026-07-28 16:40:00,,DRS withdrawal from street name
E1115,T5116,transfer,H012,H001,1000,2026-07-29,2026-07-29 14:42:00,,
E1184,T5185,transfer,H001,H007,320000,2026-07-30,2026-07-30 12:00:00,,
E1119,T5120,transfer,H012,H001,5000,2026-07-30,2026-07-30 12:02:00,,
E1116,T5117,transfer,H001,H002,250,2026-07-30,2026-07-30 12:23:00,,
E1118,T5119,transfer,H008,H001,5000,2026-07-30,2026-07-30 15:28:00,,
E1117,T5118,transfer,H006,H001,12000,2026-07-30,2026-07-30 15:53:00,,
E1120,T5121,transfer,H001,H008,1000,2026-07-31,2026-07-31 09:03:00,,
E1192,T5193,retirement,H001,,900000,2026-08-03,2026-08-03 09:00:00,,buyback shares retired
E1123,T5124,transfer,H001,H006,2500,2026-08-03,2026-08-03 11:11:00,,
E1121,T5122,transfer,H003,H001,1500,2026-08-03,2026-08-03 12:22:00,,
E1122,T5123,transfer,H001,H006,1000,2026-08-03,2026-08-03 12:30:00,,
E1124,T5125,transfer,H001,H012,2500,2026-08-04,2026-08-04 10:51:00,,
E1125,T5126,transfer,H012,H001,2500,2026-08-05,2026-08-05 10:23:00,,
E1127,T5128,transfer,H012,H001,500,2026-08-05,2026-08-05 10:52:00,,
E1126,T5127,transfer,H002,H001,250,2026-08-05,2026-08-05 15:15:00,,
E1128,T5129,transfer,H008,H001,1500,2026-08-05,2026-08-05 15:38:00,,
E1131,T5132,transfer,H001,H012,100,2026-08-06,2026-08-06 12:50:00,,
E1129,T5130,transfer,H008,H001,5000,2026-08-06,2026-08-06 13:19:00,,
E1130,T5131,transfer,H001,H012,1500,2026-08-06,2026-08-06 14:24:00,,
E1187,T5188,reversal,H011,H001,400000,2026-07-28,2026-08-06 17:55:00,T5182,partial reversal; broker over-delivered
E1133,T5134,transfer,H006,H001,5000,2026-08-07,2026-08-07 14:34:00,,
E1132,T5133,transfer,H001,H012,2500,2026-08-07,2026-08-07 14:40:00,,
E1134,T5135,transfer,H001,H010,500,2026-08-10,2026-08-10 09:23:00,,
E1135,T5136,transfer,H001,H006,2500,2026-08-10,2026-08-10 12:26:00,,
E1137,T5138,transfer,H012,H001,250,2026-08-10,2026-08-10 13:18:00,,
E1136,T5137,transfer,H006,H001,12000,2026-08-10,2026-08-10 17:53:00,,
E1182,T5183,transfer,H005,H001,150000,2026-08-11,2026-08-11 10:02:00,,"10b5-1 sale, deposited to broker"
E1140,T5141,transfer,H001,H002,5000,2026-08-11,2026-08-11 15:06:00,,
E1138,T5139,transfer,H008,H001,1500,2026-08-11,2026-08-11 16:20:00,,
E1139,T5140,transfer,H001,H002,1500,2026-08-11,2026-08-11 16:30:00,,
E1141,T5142,transfer,H002,H001,500,2026-08-11,2026-08-11 17:04:00,,
E1142,T5143,transfer,H001,H012,1500,2026-08-12,2026-08-12 09:50:00,,
E1143,T5144,transfer,H001,H002,500,2026-08-12,2026-08-12 15:58:00,,
E1144,T5145,transfer,H001,H012,500,2026-08-12,2026-08-12 17:50:00,,
E1145,T5146,transfer,H001,H006,2500,2026-08-13,2026-08-13 16:07:00,,
E1147,T5148,transfer,H001,H002,1000,2026-08-14,2026-08-14 10:43:00,,
E1190,T5191,transfer,H001,H010,40000,2026-06-25,2026-08-14 11:00:00,,backdated per corrected medallion instruction
E1146,T5147,transfer,H006,H001,250,2026-08-14,2026-08-14 14:52:00,,
E1150,T5151,transfer,H002,H001,5000,2026-08-17,2026-08-17 09:30:00,,
E1149,T5150,transfer,H006,H001,5000,2026-08-17,2026-08-17 11:49:00,,
E1151,T5152,transfer,H001,H006,2500,2026-08-17,2026-08-17 14:38:00,,
E1148,T5149,transfer,H003,H001,5000,2026-08-17,2026-08-17 16:47:00,,
E1152,T5153,transfer,H006,H001,1000,2026-08-18,2026-08-18 14:51:00,,
E1154,T5155,transfer,H001,H002,500,2026-08-18,2026-08-18 16:25:00,,
E1153,T5154,transfer,H012,H001,5000,2026-08-18,2026-08-18 16:58:00,,
E1183,T5184,transfer,H009,H001,1020000,2026-08-19,2026-08-19 14:30:00,,full position to street name
E1155,T5156,transfer,H012,H001,12000,2026-08-19,2026-08-19 15:18:00,,
E1158,T5159,transfer,H006,H001,1500,2026-08-20,2026-08-20 13:52:00,,
E1156,T5157,transfer,H002,H001,12000,2026-08-20,2026-08-20 16:30:00,,
E1159,T5160,transfer,H001,H008,5000,2026-08-20,2026-08-20 16:50:00,,
E1157,T5158,transfer,H001,H006,500,2026-08-20,2026-08-20 16:52:00,,
E1160,T5161,transfer,H001,H012,1500,2026-08-21,2026-08-21 10:35:00,,
E1161,T5162,transfer,H002,H001,500,2026-08-21,2026-08-21 11:15:00,,
E1162,T5163,transfer,H002,H001,500,2026-08-21,2026-08-21 12:58:00,,
E1163,T5164,transfer,H003,H001,2500,2026-08-21,2026-08-21 14:39:00,,
E1164,T5165,transfer,H001,H002,1500,2026-08-24,2026-08-24 10:40:00,,
E1165,T5166,transfer,H002,H001,2500,2026-08-24,2026-08-24 10:46:00,,
E1166,T5167,transfer,H008,H001,12000,2026-08-25,2026-08-25 17:50:00,,
E1169,T5170,transfer,H001,H010,1500,2026-08-26,2026-08-26 12:42:00,,
E1167,T5168,transfer,H012,H001,12000,2026-08-26,2026-08-26 14:48:00,,
E1168,T5169,transfer,H001,H012,250,2026-08-26,2026-08-26 16:21:00,,
E1170,T5171,transfer,H008,H001,250,2026-08-26,2026-08-26 17:19:00,,
E1172,T5173,transfer,H001,H010,12000,2026-08-27,2026-08-27 12:37:00,,
E1171,T5172,transfer,H001,H010,100,2026-08-27,2026-08-27 14:31:00,,
E1188,T5189,transfer,H001,H012,12000,2026-08-27,2026-08-27 15:00:00,,
E1173,T5174,transfer,H012,H001,100,2026-08-27,2026-08-27 17:55:00,,
E1174,T5175,transfer,H001,H008,5000,2026-08-28,2026-08-28 09:34:00,,
E1175,T5176,transfer,H002,H001,12000,2026-08-28,2026-08-28 10:43:00,,
E1176,T5177,transfer,H012,H001,1000,2026-08-31,2026-08-31 09:06:00,,
E1177,T5178,transfer,H008,H001,1000,2026-08-31,2026-08-31 10:08:00,,
E1178,T5179,transfer,H001,H008,250,2026-08-31,2026-08-31 14:03:00,,
E1189,T5190,reversal,H012,H001,12000,2026-08-27,2026-09-02 10:15:00,T5189,duplicate instruction
