accession_no,form_type,filer_name,filer_cik,filing_date,event_date,shares_reported,percent_reported,outstanding_basis,amends_accession_no
0001234567-26-000101,SC 13G,"Ridgeline Capital Partners, L.P.",1234567,2026-02-13,2025-12-31,2900000,7.16,40482500,
0001234567-26-000188,SC 13G/A,Ridgeline Capital Partners LP,1234567,2026-07-10,2026-06-30,4300000,10.62,40482500,0001234567-26-000101
0002233445-26-000042,SC 13G,Bluewater Pension Trust,2233445,2026-02-14,2025-12-31,2150000,5.31,40482500,
0002233445-26-000077,SC 13G/A,Bluewater Pension Trust,2233445,2026-08-28,2026-08-19,1130000,2.83,39882500,0002233445-26-000042
0003344556-26-000009,SC 13G,Sable Point Advisors LLC,3344556,2026-07-17,2026-07-07,2100000,5.15,40782500,
0003344556-26-000015,SC 13D,Sable Point Advisors LLC,3344556,2026-08-07,2026-07-28,3750000,9.2,40782500,0003344556-26-000009
0003344556-26-000019,SC 13D/A,"Sable Point Advisors, LLC",3344556,2026-08-21,2026-08-06,3350000,8.4,39882500,0003344556-26-000015
0004455667-26-000031,SC 13G,Halvard Family Office LLC,4455667,2026-08-12,2026-07-30,2200000,5.39,40782500,
0005566778-26-000003,SC 13D,Tobias Kell,5566778,2026-01-22,2026-01-15,2610000,6.45,40482500,
0005566778-26-000008,SC 13D/A,Tobias Kell,5566778,2026-08-25,2026-08-11,2460000,6.17,39882500,0005566778-26-000003
0006677889-26-000120,SC 13G,Vantage Quant Strategies Ltd,6677889,2026-06-05,2026-05-29,2050000,5.06,40482500,
0006677889-26-000141,SC 13G/A,Vantage Quant Strategies Ltd,6677889,2026-06-19,2026-06-12,1900000,4.69,40482500,0006677889-26-000120
0006677889-26-000160,SC 13G/A,Vantage Quant Strategies Ltd,6677889,2026-07-24,2026-07-15,2300000,5.68,40482500,0006677889-26-000141
